{"CSp21LA8uzJGLAVJ64UzGNLqnfzEx6DycXvgDZyAhGib":{"cachedAt":1775577257328,"priceAtRejection":0.0003143,"athAtRejection":0.0010259324410165549}}