{"8cMcEhNqJDjSTEfaXVECkryxyJRrjeMcJk2FssUdVL5y":{"ath":0.001817913818057964,"entryPrice":0.0015643145119587675,"binStep":80,"activeBinAtScreening":-502,"fib500":0.0012489258032885293}}