{"F8A7CTv3ScSLcnrEQzBZ91qw1qYWcRrWTXQ1RmuiNGKk":{"ath":0.0000063035995284484405,"entryPrice":0.000005494415664854,"binStep":100,"activeBinAtScreening":-522,"fib500":0.0000031669317847063728,"tokenMint":"2CbFRAFDLX1SHpDym4Zm7eDkNVpyZ2w46kJ8y6sMpump"}}