{"Gvi9bniExT6iXPpXDhqjkV5qLpNyLb38CLdpGKdmD1ME":{"ath":0.000008074837143988388,"entryPrice":0.000005494415664854,"binStep":100,"activeBinAtScreening":-517,"fib500":0.000004053029218462234,"tokenMint":"3AmTiVi5L4rDuf1CCQLkx8kBEZ52N6Mr7DrZwfDYjizz"}}