{"DrCBVYrZZzZAgD5daEXtQXwnC2fWP83eYzUZATTYcTX":{"ath":0.0007581580563019343,"entryPrice":0.0006165,"binStep":100,"activeBinAtScreening":-489,"fib500":0.0003803836043122298}}