{"7E7KLbXg3uz1GL4KmLMrVWYmCCFShu8uq8iq65dvFktw":{"ath":0.012969779344834956,"entryPrice":0.008454,"binStep":100,"activeBinAtScreening":-229,"fib500":0.006486193143618051}}