{"8gHiapak3e9q6k7QYG7feGSfEseJLvGCE4LXgQ29t9Vs":{"ath":0.0004102247806549225,"entryPrice":0.0003207,"binStep":100,"activeBinAtScreening":-559,"fib500":0.00022160025453457632}}