{"DrCBVYrZZzZAgD5daEXtQXwnC2fWP83eYzUZATTYcTX":{"ath":0.0007581580563019343,"entryPrice":0.0006514,"binStep":100,"activeBinAtScreening":-496,"fib500":0.0003803836043122298}}