{"8xcnnJPLjMW8tgHxxpUKGLQuRZJt1UNoKJ8YjPJyJdS5":{"ath":0.0006498741120262072,"entryPrice":0.000612,"binStep":80,"activeBinAtScreening":-614,"fib500":0.00032614172282071654}}