{"7E7KLbXg3uz1GL4KmLMrVWYmCCFShu8uq8iq65dvFktw":{"ath":0.00015854025678479494,"entryPrice":0.000105528441700982,"binStep":100,"activeBinAtScreening":-226,"fib500":0.00007928606179059616,"tokenMint":"34q2KmCvapecJgR6ZrtbCTrzZVtkt3a5mHEA3TuEsWYb"}}