{"DrCBVYrZZzZAgD5daEXtQXwnC2fWP83eYzUZATTYcTX":{"ath":0.0005035378313516917,"entryPrice":0.0004221,"binStep":100,"activeBinAtScreening":-532,"fib500":0.00025307349183710846}}