{"8gHiapak3e9q6k7QYG7feGSfEseJLvGCE4LXgQ29t9Vs":{"ath":0.001079444868931724,"entryPrice":0.0007382947467407863,"binStep":100,"activeBinAtScreening":-473,"fib500":0.0005411094009931812}}