{"BdWmTwbLQqK8CqUphd7RPpHob991jHC96AQfhGDyfpDz":{"ath":0.00045386822648656297,"entryPrice":0.0003391,"binStep":100,"activeBinAtScreening":-546,"fib500":0.0002281108004896136}}