{"7E7KLbXg3uz1GL4KmLMrVWYmCCFShu8uq8iq65dvFktw":{"ath":0.0001583902955438237,"entryPrice":0.000106583726117991,"binStep":100,"activeBinAtScreening":-225,"fib500":0.00007921106609890896,"tokenMint":"34q2KmCvapecJgR6ZrtbCTrzZVtkt3a5mHEA3TuEsWYb"}}