{"4nen7bzJKTZ135hWqz1QLgWTpj8F9MPbbugiNzeJFqo4":{"ath":0.0024860617744192678,"entryPrice":0.001844,"binStep":80,"activeBinAtScreening":-476,"fib500":0.001452862059441908}}