{"2QDGmRHwJdrbSQuhgePd9EYhgcUaEBrZoS8HoJMsUBwz":{"ath":0.0003397313219874593,"entryPrice":0.0003153,"binStep":80,"activeBinAtScreening":-700,"fib500":0.00017104184123834385}}