{"F8A7CTv3ScSLcnrEQzBZ91qw1qYWcRrWTXQ1RmuiNGKk":{"ath":0.0003909976673633207,"entryPrice":0.3686553976290716,"binStep":100,"activeBinAtScreening":-544,"fib500":0.00019674292959864827,"tokenMint":"2CbFRAFDLX1SHpDym4Zm7eDkNVpyZ2w46kJ8y6sMpump"}}