{"HST2f6Lcw1qAwWYm5bUMegxpTWajxeKSo8NXTAA3BnXQ":{"ath":0.0000728780311223499,"entryPrice":0.000066256967089407,"binStep":100,"activeBinAtScreening":-970,"fib500":0.00003648168690444591,"tokenMint":"29CWsqH84TykHDDwA6DtETUtXQPuKbVgKCmxtkBsbrrr"}}