{"DUXCeGjGk7pGcjZY13MAZo9KBKYuuCrSficyKfpuYvyR":{"ath":0.012969779344834956,"entryPrice":0.008541,"binStep":125,"activeBinAtScreening":-183,"fib500":0.006486193143618051}}