{"8cMcEhNqJDjSTEfaXVECkryxyJRrjeMcJk2FssUdVL5y":{"ath":0.0016804018666414248,"entryPrice":0.0014629374071977012,"binStep":80,"activeBinAtScreening":-509,"fib500":0.0011801698275802598}}