{"DrCBVYrZZzZAgD5daEXtQXwnC2fWP83eYzUZATTYcTX":{"ath":0.0007888207766591291,"entryPrice":0.0006166,"binStep":100,"activeBinAtScreening":-492,"fib500":0.0003957149644908272}}