{"DrCBVYrZZzZAgD5daEXtQXwnC2fWP83eYzUZATTYcTX":{"ath":0.000677296596729714,"entryPrice":0.0004453,"binStep":100,"activeBinAtScreening":-513,"fib500":0.0003399528745261196}}