{"3Jozo5un7Mpf1Nc6vL6VFkkE6DeQPeoVAFCUzC9zq1Hk":{"ath":0.00000552591745468662,"entryPrice":0.000004670315552868,"binStep":125,"activeBinAtScreening":-424,"fib500":0.00000276295872734331,"tokenMint":"A1u5BNJQ8GpuEU5MAkJCLxXpr5aAahtG18oiJTYupump"}}