{"8fQec52mKQr4VMj829YpSbnhShYiWCzYTDTbJFSHsMbs":{"ath":0.0003889769088220382,"entryPrice":0.0003626,"binStep":125,"activeBinAtScreening":-441,"fib500":0.0002109763186181342}}