{"6sPnGza4oUFu2QrmWvs8bhJdV4iTwjGpoiYZM6HB551R":{"ath":0.000004596775462382938,"entryPrice":0.000003099632263115,"binStep":125,"activeBinAtScreening":-462,"fib500":0.0000023126913184891352,"tokenMint":"NxxBM1XusWXvcKPUfnMCxQdvxaoHWuw7aBjE7ztpump"}}