{"42i24LCje8g3UXgmPJN38PuKhKTGwsT7rtVBrceaxMbc":{"ath":0.0003033634979527261,"entryPrice":0.000288,"binStep":100,"activeBinAtScreening":-573,"fib500":0.00015356961143469166}}